"object_name","filename","lineno","listlabel"
parse_send_apn,include/parser.p4,103,pif_parrep_state_parse_send_apn
parse_ipv4,include/parser.p4,42,pif_parrep_state_parse_ipv4
parse_tcp,include/parser.p4,61,pif_parrep_state_parse_tcp
parse_auth_step_one,include/parser.p4,88,pif_parrep_state_parse_auth_step_one
parse_udp,include/parser.p4,51,pif_parrep_state_parse_udp
parse_initial_ctxt_setup_resp,include/parser.p4,128,pif_parrep_state_parse_initial_ctxt_setup_resp
parse_detach_req,include/parser.p4,113,pif_parrep_state_parse_detach_req
start,include/parser.p4,14,pif_parrep_state_start
parse_nas_step_two,include/parser.p4,98,pif_parrep_state_parse_nas_step_two
parse_ue_context_release,include/parser.p4,118,pif_parrep_state_parse_ue_context_release
parse_auth_step_three,include/parser.p4,93,pif_parrep_state_parse_auth_step_three
parse_send_ue_teid,include/parser.p4,108,pif_parrep_state_parse_send_ue_teid
parse_ue_service_req,include/parser.p4,123,pif_parrep_state_parse_ue_service_req
_condition_7,,1,pif_ctlflow_state_ingress_flow__condition_7
_condition_6,epc_basic_pgw_without_gtp.p4,138,pif_ctlflow_state_ingress_flow__condition_6
_condition_5,,1,pif_ctlflow_state_ingress_flow__condition_5
_condition_4,epc_basic_pgw_without_gtp.p4,118,pif_ctlflow_state_ingress_flow__condition_4
_condition_3,epc_basic_pgw_without_gtp.p4,112,pif_ctlflow_state_ingress_flow__condition_3
_condition_2,epc_basic_pgw_without_gtp.p4,108,pif_ctlflow_state_ingress_flow__condition_2
_condition_1,,1,pif_ctlflow_state_ingress_flow__condition_1
_condition_0,epc_basic_pgw_without_gtp.p4,103,pif_ctlflow_state_ingress_flow__condition_0
_condition_8,epc_basic_pgw_without_gtp.p4,144,pif_ctlflow_state_ingress_flow__condition_8
ingress::tbl_act,,1,pif_ctlflow_state_ingress_flow_ingress::tbl_act
ingress::ip_op_tun_s1_uplink,epc_basic_pgw_without_gtp.p4,30,pif_ctlflow_state_ingress_flow_ingress::ip_op_tun_s1_uplink
ingress::tbl_act_2,,1,pif_ctlflow_state_ingress_flow_ingress::tbl_act_2
ingress::tbl_act_1,,1,pif_ctlflow_state_ingress_flow_ingress::tbl_act_1
ingress::tbl_act_0,,1,pif_ctlflow_state_ingress_flow_ingress::tbl_act_0
ingress::tun_egress_s3_uplink,epc_basic_pgw_without_gtp.p4,64,pif_ctlflow_state_ingress_flow_ingress::tun_egress_s3_uplink
ingress::arp_tbl,epc_basic_pgw_without_gtp.p4,89,pif_ctlflow_state_ingress_flow_ingress::arp_tbl
ingress::fwd_act,epc_basic_pgw_without_gtp.p4,81,pif_action_state_ingress::fwd_act
ingress::drop_act,epc_basic_pgw_without_gtp.p4,85,pif_action_state_ingress::drop_act
ingress::act,,1,pif_action_state_ingress::act
ingress::populate_tun_egress_s3_uplink,epc_basic_pgw_without_gtp.p4,46,pif_action_state_ingress::populate_tun_egress_s3_uplink
ingress::act_0,,1,pif_action_state_ingress::act_0
ingress::act_1,,1,pif_action_state_ingress::act_1
ingress::act_2,,1,pif_action_state_ingress::act_2
ingress::populate_ip_op_tun_s1_uplink,epc_basic_pgw_without_gtp.p4,25,pif_action_state_ingress::populate_ip_op_tun_s1_uplink
